location_id,country,state,city,postal_code,region,source_system
300000,USA,Washington,Seattle,44319,West,LOCATION_SYSTEM
300001,USA,Washington,Seattle,13030,West,LOCATION_SYSTEM
300002,USA,Ohio,Dayton,53100,Midwest,LOCATION_SYSTEM
300003,USA,New York,New York,86585,Northeast,LOCATION_SYSTEM
300004,USA,Georgia,Atlanta,73916,South,LOCATION_SYSTEM
300005,USA,Georgia,Atlanta,81908,South,LOCATION_SYSTEM
300006,USA,Washington,Seattle,38912,West,LOCATION_SYSTEM
300007,USA,Ohio,Columbus,54689,Midwest,LOCATION_SYSTEM
300008,USA,Texas,Austin,31324,South,LOCATION_SYSTEM
300009,USA,New York,New York,91513,Northeast,LOCATION_SYSTEM
300010,USA,Ohio,Columbus,24445,Midwest,LOCATION_SYSTEM
300011,USA,Ohio,Dayton,98948,Midwest,LOCATION_SYSTEM
300012,USA,New York,New York,49976,Northeast,LOCATION_SYSTEM
300013,USA,Illinois,Chicago,56006,Midwest,LOCATION_SYSTEM
300014,USA,California,San Francisco,15298,West,LOCATION_SYSTEM
300015,USA,Illinois,Chicago,58429,Midwest,LOCATION_SYSTEM
300016,USA,Texas,Dallas,11271,South,LOCATION_SYSTEM
300017,USA,Texas,Austin,95747,South,LOCATION_SYSTEM
300018,USA,Ohio,Dayton,13343,Midwest,LOCATION_SYSTEM
300019,USA,Illinois,Chicago,80429,Midwest,LOCATION_SYSTEM
300020,USA,Illinois,Chicago,55480,Midwest,LOCATION_SYSTEM
300021,USA,Texas,Austin,34733,South,LOCATION_SYSTEM
300022,USA,Texas,Austin,16612,South,LOCATION_SYSTEM
300023,USA,Washington,Seattle,27817,West,LOCATION_SYSTEM
300024,USA,Ohio,Dayton,94119,Midwest,LOCATION_SYSTEM
300025,USA,Washington,Seattle,30935,West,LOCATION_SYSTEM
300026,USA,Texas,Austin,46506,South,LOCATION_SYSTEM
300027,USA,New York,New York,11258,Northeast,LOCATION_SYSTEM
300028,USA,Washington,Seattle,30515,West,LOCATION_SYSTEM
300029,USA,Massachusetts,Boston,48813,Northeast,LOCATION_SYSTEM
300030,USA,Massachusetts,Boston,51445,Northeast,LOCATION_SYSTEM
300031,USA,Ohio,Dayton,19871,Midwest,LOCATION_SYSTEM
300032,USA,Texas,Dallas,62884,South,LOCATION_SYSTEM
300033,USA,New York,New York,28062,Northeast,LOCATION_SYSTEM
300034,USA,Washington,Seattle,54067,West,LOCATION_SYSTEM
300035,USA,Ohio,Dayton,83481,Midwest,LOCATION_SYSTEM
300036,USA,Georgia,Atlanta,41070,South,LOCATION_SYSTEM
300037,USA,Texas,Austin,17001,South,LOCATION_SYSTEM
300038,USA,Ohio,Dayton,79191,Midwest,LOCATION_SYSTEM
300039,USA,California,San Francisco,82103,West,LOCATION_SYSTEM
300040,USA,New York,New York,52341,Northeast,LOCATION_SYSTEM
300041,USA,Texas,Austin,18506,South,LOCATION_SYSTEM
300042,USA,Georgia,Atlanta,39646,South,LOCATION_SYSTEM
300043,USA,Texas,Austin,60224,South,LOCATION_SYSTEM
300044,USA,Georgia,Atlanta,49008,South,LOCATION_SYSTEM
300045,USA,Washington,Seattle,96681,West,LOCATION_SYSTEM
300046,USA,Illinois,Chicago,50161,Midwest,LOCATION_SYSTEM
300047,USA,Texas,Dallas,22978,South,LOCATION_SYSTEM
300048,USA,Ohio,Dayton,26504,Midwest,LOCATION_SYSTEM
300049,USA,Georgia,Atlanta,25213,South,LOCATION_SYSTEM
300050,USA,Texas,Austin,13534,South,LOCATION_SYSTEM
300051,USA,Georgia,Atlanta,74143,South,LOCATION_SYSTEM
300052,USA,Illinois,Chicago,95579,Midwest,LOCATION_SYSTEM
300053,USA,California,San Francisco,78109,West,LOCATION_SYSTEM
300054,USA,Texas,Dallas,92619,South,LOCATION_SYSTEM
300055,USA,California,San Francisco,74610,West,LOCATION_SYSTEM
300056,USA,Ohio,Columbus,94400,Midwest,LOCATION_SYSTEM
300057,USA,New York,New York,78289,Northeast,LOCATION_SYSTEM
300058,USA,Illinois,Chicago,27826,Midwest,LOCATION_SYSTEM
300059,USA,Ohio,Dayton,78275,Midwest,LOCATION_SYSTEM
300060,USA,Georgia,Atlanta,32543,South,LOCATION_SYSTEM
300061,USA,New York,New York,85866,Northeast,LOCATION_SYSTEM
300062,USA,Georgia,Atlanta,74860,South,LOCATION_SYSTEM
300063,USA,Georgia,Atlanta,35157,South,LOCATION_SYSTEM
300064,USA,Washington,Seattle,82916,West,LOCATION_SYSTEM
300065,USA,Texas,Dallas,32844,South,LOCATION_SYSTEM
300066,USA,Georgia,Atlanta,43062,South,LOCATION_SYSTEM
300067,USA,Massachusetts,Boston,12161,Northeast,LOCATION_SYSTEM
300068,USA,New York,New York,44754,Northeast,LOCATION_SYSTEM
300069,USA,Texas,Austin,62702,South,LOCATION_SYSTEM
300070,USA,Massachusetts,Boston,91867,Northeast,LOCATION_SYSTEM
300071,USA,Ohio,Dayton,25642,Midwest,LOCATION_SYSTEM
300072,USA,New York,New York,56163,Northeast,LOCATION_SYSTEM
300073,USA,Ohio,Dayton,22493,Midwest,LOCATION_SYSTEM
300074,USA,New York,New York,72631,Northeast,LOCATION_SYSTEM
300075,USA,California,San Francisco,46402,West,LOCATION_SYSTEM
300076,USA,New York,New York,55584,Northeast,LOCATION_SYSTEM
300077,USA,Ohio,Dayton,38892,Midwest,LOCATION_SYSTEM
300078,USA,Ohio,Columbus,64813,Midwest,LOCATION_SYSTEM
300079,USA,Massachusetts,Boston,26063,Northeast,LOCATION_SYSTEM
300080,USA,California,San Francisco,69994,West,LOCATION_SYSTEM
300081,USA,Texas,Dallas,66021,South,LOCATION_SYSTEM
300082,USA,Illinois,Chicago,50768,Midwest,LOCATION_SYSTEM
300083,USA,Ohio,Dayton,97745,Midwest,LOCATION_SYSTEM
300084,USA,Georgia,Atlanta,64696,South,LOCATION_SYSTEM
300085,USA,Massachusetts,Boston,10875,Northeast,LOCATION_SYSTEM
300086,USA,Ohio,Columbus,33015,Midwest,LOCATION_SYSTEM
300087,USA,Ohio,Dayton,12478,Midwest,LOCATION_SYSTEM
300088,USA,Texas,Dallas,84215,South,LOCATION_SYSTEM
300089,USA,Ohio,Dayton,79480,Midwest,LOCATION_SYSTEM
300090,USA,Ohio,Columbus,88077,Midwest,LOCATION_SYSTEM
300091,USA,New York,New York,17544,Northeast,LOCATION_SYSTEM
300092,USA,Washington,Seattle,68072,West,LOCATION_SYSTEM
300093,USA,Illinois,Chicago,54393,Midwest,LOCATION_SYSTEM
300094,USA,Georgia,Atlanta,53549,South,LOCATION_SYSTEM
300095,USA,Washington,Seattle,47857,West,LOCATION_SYSTEM
300096,USA,Ohio,Dayton,83222,Midwest,LOCATION_SYSTEM
300097,USA,Massachusetts,Boston,82920,Northeast,LOCATION_SYSTEM
300098,USA,Massachusetts,Boston,53946,Northeast,LOCATION_SYSTEM
300099,USA,Ohio,Dayton,35843,Midwest,LOCATION_SYSTEM
300100,USA,New York,New York,31305,Northeast,LOCATION_SYSTEM
300101,USA,Ohio,Columbus,85147,Midwest,LOCATION_SYSTEM
300102,USA,Texas,Dallas,13547,South,LOCATION_SYSTEM
300103,USA,Washington,Seattle,22041,West,LOCATION_SYSTEM
300104,USA,Massachusetts,Boston,12234,Northeast,LOCATION_SYSTEM
300105,USA,Massachusetts,Boston,95623,Northeast,LOCATION_SYSTEM
300106,USA,Washington,Seattle,83076,West,LOCATION_SYSTEM
300107,USA,Texas,Austin,86828,South,LOCATION_SYSTEM
300108,USA,Illinois,Chicago,12245,Midwest,LOCATION_SYSTEM
300109,USA,Washington,Seattle,65034,West,LOCATION_SYSTEM
300110,USA,Texas,Austin,17306,South,LOCATION_SYSTEM
300111,USA,Massachusetts,Boston,75448,Northeast,LOCATION_SYSTEM
300112,USA,Texas,Dallas,82153,South,LOCATION_SYSTEM
300113,USA,Washington,Seattle,38908,West,LOCATION_SYSTEM
300114,USA,Texas,Austin,32013,South,LOCATION_SYSTEM
300115,USA,Ohio,Columbus,58004,Midwest,LOCATION_SYSTEM
300116,USA,Illinois,Chicago,40228,Midwest,LOCATION_SYSTEM
300117,USA,Washington,Seattle,36097,West,LOCATION_SYSTEM
300118,USA,Georgia,Atlanta,73725,South,LOCATION_SYSTEM
300119,USA,Illinois,Chicago,76034,Midwest,LOCATION_SYSTEM
300120,USA,Texas,Austin,92369,South,LOCATION_SYSTEM
300121,USA,California,San Francisco,26826,West,LOCATION_SYSTEM
300122,USA,Texas,Dallas,76454,South,LOCATION_SYSTEM
300123,USA,Ohio,Columbus,54950,Midwest,LOCATION_SYSTEM
300124,USA,Washington,Seattle,72035,West,LOCATION_SYSTEM
300125,USA,Washington,Seattle,37483,West,LOCATION_SYSTEM
300126,USA,Texas,Austin,94495,South,LOCATION_SYSTEM
300127,USA,Georgia,Atlanta,88566,South,LOCATION_SYSTEM
300128,USA,California,San Francisco,52649,West,LOCATION_SYSTEM
300129,USA,New York,New York,56375,Northeast,LOCATION_SYSTEM
300130,USA,California,San Francisco,41176,West,LOCATION_SYSTEM
300131,USA,Massachusetts,Boston,40033,Northeast,LOCATION_SYSTEM
300132,USA,California,San Francisco,14093,West,LOCATION_SYSTEM
300133,USA,Illinois,Chicago,55149,Midwest,LOCATION_SYSTEM
300134,USA,Washington,Seattle,19426,West,LOCATION_SYSTEM
300135,USA,Texas,Dallas,85341,South,LOCATION_SYSTEM
300136,USA,Ohio,Dayton,71793,Midwest,LOCATION_SYSTEM
300137,USA,Washington,Seattle,42936,West,LOCATION_SYSTEM
300138,USA,Texas,Dallas,26712,South,LOCATION_SYSTEM
300139,USA,Georgia,Atlanta,73567,South,LOCATION_SYSTEM
300140,USA,Georgia,Atlanta,27322,South,LOCATION_SYSTEM
300141,USA,Ohio,Dayton,34348,Midwest,LOCATION_SYSTEM
300142,USA,Texas,Austin,34322,South,LOCATION_SYSTEM
300143,USA,Ohio,Columbus,28939,Midwest,LOCATION_SYSTEM
300144,USA,Texas,Dallas,98901,South,LOCATION_SYSTEM
300145,USA,New York,New York,96066,Northeast,LOCATION_SYSTEM
300146,USA,Ohio,Dayton,96154,Midwest,LOCATION_SYSTEM
300147,USA,Texas,Dallas,30460,South,LOCATION_SYSTEM
300148,USA,Texas,Austin,78851,South,LOCATION_SYSTEM
300149,USA,Massachusetts,Boston,79955,Northeast,LOCATION_SYSTEM
300150,USA,Georgia,Atlanta,72116,South,LOCATION_SYSTEM
300151,USA,Ohio,Dayton,98880,Midwest,LOCATION_SYSTEM
300152,USA,Texas,Austin,98484,South,LOCATION_SYSTEM
300153,USA,Illinois,Chicago,13976,Midwest,LOCATION_SYSTEM
300154,USA,Ohio,Dayton,93234,Midwest,LOCATION_SYSTEM
300155,USA,California,San Francisco,28211,West,LOCATION_SYSTEM
300156,USA,Ohio,Dayton,65504,Midwest,LOCATION_SYSTEM
300157,USA,Ohio,Columbus,13997,Midwest,LOCATION_SYSTEM
300158,USA,Massachusetts,Boston,47649,Northeast,LOCATION_SYSTEM
300159,USA,Ohio,Columbus,13168,Midwest,LOCATION_SYSTEM
300160,USA,Illinois,Chicago,86460,Midwest,LOCATION_SYSTEM
300161,USA,New York,New York,72119,Northeast,LOCATION_SYSTEM
300162,USA,New York,New York,54203,Northeast,LOCATION_SYSTEM
300163,USA,Texas,Dallas,28284,South,LOCATION_SYSTEM
300164,USA,Texas,Dallas,82002,South,LOCATION_SYSTEM
300165,USA,Illinois,Chicago,35125,Midwest,LOCATION_SYSTEM
300166,USA,New York,New York,71673,Northeast,LOCATION_SYSTEM
300167,USA,Texas,Dallas,62836,South,LOCATION_SYSTEM
300168,USA,Washington,Seattle,29056,West,LOCATION_SYSTEM
300169,USA,Ohio,Columbus,67965,Midwest,LOCATION_SYSTEM
300170,USA,Massachusetts,Boston,53860,Northeast,LOCATION_SYSTEM
300171,USA,New York,New York,31030,Northeast,LOCATION_SYSTEM
300172,USA,Texas,Austin,77477,South,LOCATION_SYSTEM
300173,USA,Ohio,Dayton,44984,Midwest,LOCATION_SYSTEM
300174,USA,Texas,Dallas,61904,South,LOCATION_SYSTEM
300175,USA,Georgia,Atlanta,21766,South,LOCATION_SYSTEM
300176,USA,New York,New York,48633,Northeast,LOCATION_SYSTEM
300177,USA,Texas,Austin,37782,South,LOCATION_SYSTEM
300178,USA,Massachusetts,Boston,16948,Northeast,LOCATION_SYSTEM
300179,USA,Massachusetts,Boston,67122,Northeast,LOCATION_SYSTEM
300180,USA,Georgia,Atlanta,21643,South,LOCATION_SYSTEM
300181,USA,Georgia,Atlanta,20830,South,LOCATION_SYSTEM
300182,USA,Massachusetts,Boston,17020,Northeast,LOCATION_SYSTEM
300183,USA,Georgia,Atlanta,80635,South,LOCATION_SYSTEM
300184,USA,Ohio,Columbus,72199,Midwest,LOCATION_SYSTEM
300185,USA,Washington,Seattle,51827,West,LOCATION_SYSTEM
300186,USA,California,San Francisco,27161,West,LOCATION_SYSTEM
300187,USA,New York,New York,51949,Northeast,LOCATION_SYSTEM
300188,USA,Texas,Dallas,74986,South,LOCATION_SYSTEM
300189,USA,Ohio,Dayton,13163,Midwest,LOCATION_SYSTEM
300190,USA,Washington,Seattle,24531,West,LOCATION_SYSTEM
300191,USA,Ohio,Dayton,32712,Midwest,LOCATION_SYSTEM
300192,USA,Texas,Dallas,38732,South,LOCATION_SYSTEM
300193,USA,Illinois,Chicago,30989,Midwest,LOCATION_SYSTEM
300194,USA,Massachusetts,Boston,59573,Northeast,LOCATION_SYSTEM
300195,USA,Washington,Seattle,20321,West,LOCATION_SYSTEM
300196,USA,Ohio,Columbus,61394,Midwest,LOCATION_SYSTEM
300197,USA,Georgia,Atlanta,26502,South,LOCATION_SYSTEM
300198,USA,New York,New York,71799,Northeast,LOCATION_SYSTEM
300199,USA,Ohio,Dayton,41976,Midwest,LOCATION_SYSTEM
300200,USA,Massachusetts,Boston,87934,Northeast,LOCATION_SYSTEM
300201,USA,Texas,Dallas,98843,South,LOCATION_SYSTEM
300202,USA,Ohio,Columbus,97841,Midwest,LOCATION_SYSTEM
300203,USA,Texas,Dallas,96543,South,LOCATION_SYSTEM
300204,USA,Illinois,Chicago,95969,Midwest,LOCATION_SYSTEM
300205,USA,Washington,Seattle,86273,West,LOCATION_SYSTEM
300206,USA,Ohio,Dayton,41967,Midwest,LOCATION_SYSTEM
300207,USA,Illinois,Chicago,52909,Midwest,LOCATION_SYSTEM
300208,USA,New York,New York,19880,Northeast,LOCATION_SYSTEM
300209,USA,Illinois,Chicago,79165,Midwest,LOCATION_SYSTEM
300210,USA,Massachusetts,Boston,88281,Northeast,LOCATION_SYSTEM
300211,USA,New York,New York,29358,Northeast,LOCATION_SYSTEM
300212,USA,Georgia,Atlanta,95267,South,LOCATION_SYSTEM
300213,USA,Texas,Dallas,19446,South,LOCATION_SYSTEM
300214,USA,Georgia,Atlanta,13937,South,LOCATION_SYSTEM
300215,USA,Ohio,Columbus,15110,Midwest,LOCATION_SYSTEM
300216,USA,Ohio,Columbus,81066,Midwest,LOCATION_SYSTEM
300217,USA,California,San Francisco,56208,West,LOCATION_SYSTEM
300218,USA,Washington,Seattle,11478,West,LOCATION_SYSTEM
300219,USA,California,San Francisco,73555,West,LOCATION_SYSTEM
300220,USA,Washington,Seattle,47548,West,LOCATION_SYSTEM
300221,USA,Massachusetts,Boston,73707,Northeast,LOCATION_SYSTEM
300222,USA,Ohio,Dayton,38905,Midwest,LOCATION_SYSTEM
300223,USA,Massachusetts,Boston,21250,Northeast,LOCATION_SYSTEM
300224,USA,New York,New York,22780,Northeast,LOCATION_SYSTEM
300225,USA,New York,New York,45087,Northeast,LOCATION_SYSTEM
300226,USA,New York,New York,48125,Northeast,LOCATION_SYSTEM
300227,USA,Georgia,Atlanta,12920,South,LOCATION_SYSTEM
300228,USA,New York,New York,90280,Northeast,LOCATION_SYSTEM
300229,USA,Texas,Austin,41944,South,LOCATION_SYSTEM
300230,USA,Texas,Austin,78932,South,LOCATION_SYSTEM
300231,USA,California,San Francisco,36591,West,LOCATION_SYSTEM
300232,USA,Texas,Dallas,73374,South,LOCATION_SYSTEM
300233,USA,Texas,Dallas,61982,South,LOCATION_SYSTEM
300234,USA,Texas,Austin,36056,South,LOCATION_SYSTEM
300235,USA,Ohio,Dayton,53358,Midwest,LOCATION_SYSTEM
300236,USA,New York,New York,62598,Northeast,LOCATION_SYSTEM
300237,USA,Texas,Austin,16575,South,LOCATION_SYSTEM
300238,USA,New York,New York,31837,Northeast,LOCATION_SYSTEM
300239,USA,Illinois,Chicago,63253,Midwest,LOCATION_SYSTEM
300240,USA,Georgia,Atlanta,41789,South,LOCATION_SYSTEM
300241,USA,Ohio,Columbus,79878,Midwest,LOCATION_SYSTEM
300242,USA,California,San Francisco,75631,West,LOCATION_SYSTEM
300243,USA,California,San Francisco,32701,West,LOCATION_SYSTEM
300244,USA,Ohio,Columbus,78297,Midwest,LOCATION_SYSTEM
300245,USA,Illinois,Chicago,28615,Midwest,LOCATION_SYSTEM
300246,USA,California,San Francisco,39059,West,LOCATION_SYSTEM
300247,USA,Georgia,Atlanta,56939,South,LOCATION_SYSTEM
300248,USA,Illinois,Chicago,38013,Midwest,LOCATION_SYSTEM
300249,USA,Georgia,Atlanta,44583,South,LOCATION_SYSTEM
300250,USA,Massachusetts,Boston,74487,Northeast,LOCATION_SYSTEM
300251,USA,Washington,Seattle,34363,West,LOCATION_SYSTEM
300252,USA,Texas,Austin,43331,South,LOCATION_SYSTEM
300253,USA,Texas,Dallas,48283,South,LOCATION_SYSTEM
300254,USA,Georgia,Atlanta,17519,South,LOCATION_SYSTEM
300255,USA,Georgia,Atlanta,36333,South,LOCATION_SYSTEM
300256,USA,Washington,Seattle,28684,West,LOCATION_SYSTEM
300257,USA,Illinois,Chicago,86659,Midwest,LOCATION_SYSTEM
300258,USA,Texas,Austin,63641,South,LOCATION_SYSTEM
300259,USA,Texas,Dallas,50251,South,LOCATION_SYSTEM
300260,USA,Washington,Seattle,49257,West,LOCATION_SYSTEM
300261,USA,Massachusetts,Boston,37563,Northeast,LOCATION_SYSTEM
300262,USA,Ohio,Dayton,42918,Midwest,LOCATION_SYSTEM
300263,USA,Ohio,Columbus,12384,Midwest,LOCATION_SYSTEM
300264,USA,California,San Francisco,50406,West,LOCATION_SYSTEM
300265,USA,California,San Francisco,95940,West,LOCATION_SYSTEM
300266,USA,Massachusetts,Boston,90095,Northeast,LOCATION_SYSTEM
300267,USA,Illinois,Chicago,11425,Midwest,LOCATION_SYSTEM
300268,USA,Ohio,Columbus,88066,Midwest,LOCATION_SYSTEM
300269,USA,Texas,Dallas,93480,South,LOCATION_SYSTEM
300270,USA,New York,New York,74269,Northeast,LOCATION_SYSTEM
300271,USA,Texas,Austin,82254,South,LOCATION_SYSTEM
300272,USA,Illinois,Chicago,75436,Midwest,LOCATION_SYSTEM
300273,USA,California,San Francisco,94149,West,LOCATION_SYSTEM
300274,USA,Illinois,Chicago,62974,Midwest,LOCATION_SYSTEM
300275,USA,Massachusetts,Boston,13092,Northeast,LOCATION_SYSTEM
300276,USA,New York,New York,35513,Northeast,LOCATION_SYSTEM
300277,USA,Washington,Seattle,54362,West,LOCATION_SYSTEM
300278,USA,New York,New York,26301,Northeast,LOCATION_SYSTEM
300279,USA,Ohio,Dayton,70833,Midwest,LOCATION_SYSTEM
300280,USA,Ohio,Columbus,70033,Midwest,LOCATION_SYSTEM
300281,USA,Massachusetts,Boston,12910,Northeast,LOCATION_SYSTEM
300282,USA,Illinois,Chicago,56088,Midwest,LOCATION_SYSTEM
300283,USA,California,San Francisco,14911,West,LOCATION_SYSTEM
300284,USA,Texas,Austin,66020,South,LOCATION_SYSTEM
300285,USA,Washington,Seattle,72432,West,LOCATION_SYSTEM
300286,USA,Texas,Austin,27500,South,LOCATION_SYSTEM
300287,USA,Texas,Dallas,20064,South,LOCATION_SYSTEM
300288,USA,Washington,Seattle,64018,West,LOCATION_SYSTEM
300289,USA,Washington,Seattle,30218,West,LOCATION_SYSTEM
300290,USA,Ohio,Dayton,29881,Midwest,LOCATION_SYSTEM
300291,USA,Ohio,Dayton,68457,Midwest,LOCATION_SYSTEM
300292,USA,Illinois,Chicago,56965,Midwest,LOCATION_SYSTEM
300293,USA,New York,New York,85184,Northeast,LOCATION_SYSTEM
300294,USA,Illinois,Chicago,61732,Midwest,LOCATION_SYSTEM
300295,USA,New York,New York,55751,Northeast,LOCATION_SYSTEM
300296,USA,Massachusetts,Boston,20568,Northeast,LOCATION_SYSTEM
300297,USA,Texas,Dallas,49246,South,LOCATION_SYSTEM
300298,USA,Texas,Dallas,48833,South,LOCATION_SYSTEM
300299,USA,Washington,Seattle,70757,West,LOCATION_SYSTEM
300300,USA,New York,New York,59827,Northeast,LOCATION_SYSTEM
300301,USA,Texas,Austin,40393,South,LOCATION_SYSTEM
300302,USA,Illinois,Chicago,84563,Midwest,LOCATION_SYSTEM
300303,USA,Illinois,Chicago,63462,Midwest,LOCATION_SYSTEM
300304,USA,Texas,Dallas,68518,South,LOCATION_SYSTEM
300305,USA,Massachusetts,Boston,66031,Northeast,LOCATION_SYSTEM
300306,USA,Ohio,Columbus,33827,Midwest,LOCATION_SYSTEM
300307,USA,Ohio,Dayton,44203,Midwest,LOCATION_SYSTEM
300308,USA,California,San Francisco,91542,West,LOCATION_SYSTEM
300309,USA,New York,New York,75150,Northeast,LOCATION_SYSTEM
300310,USA,Illinois,Chicago,73166,Midwest,LOCATION_SYSTEM
300311,USA,Washington,Seattle,17473,West,LOCATION_SYSTEM
300312,USA,Washington,Seattle,91204,West,LOCATION_SYSTEM
300313,USA,California,San Francisco,13995,West,LOCATION_SYSTEM
300314,USA,Illinois,Chicago,94227,Midwest,LOCATION_SYSTEM
300315,USA,Georgia,Atlanta,31841,South,LOCATION_SYSTEM
300316,USA,California,San Francisco,21151,West,LOCATION_SYSTEM
300317,USA,Georgia,Atlanta,97314,South,LOCATION_SYSTEM
300318,USA,Ohio,Columbus,21383,Midwest,LOCATION_SYSTEM
300319,USA,California,San Francisco,96544,West,LOCATION_SYSTEM
300320,USA,California,San Francisco,66206,West,LOCATION_SYSTEM
300321,USA,California,San Francisco,33262,West,LOCATION_SYSTEM
300322,USA,Georgia,Atlanta,28450,South,LOCATION_SYSTEM
300323,USA,New York,New York,97622,Northeast,LOCATION_SYSTEM
300324,USA,Massachusetts,Boston,26312,Northeast,LOCATION_SYSTEM
300325,USA,Texas,Dallas,63118,South,LOCATION_SYSTEM
300326,USA,Texas,Austin,43869,South,LOCATION_SYSTEM
300327,USA,Massachusetts,Boston,11411,Northeast,LOCATION_SYSTEM
300328,USA,Washington,Seattle,66814,West,LOCATION_SYSTEM
300329,USA,New York,New York,71549,Northeast,LOCATION_SYSTEM
300330,USA,Georgia,Atlanta,38674,South,LOCATION_SYSTEM
300331,USA,Texas,Dallas,82895,South,LOCATION_SYSTEM
300332,USA,Texas,Dallas,86425,South,LOCATION_SYSTEM
300333,USA,California,San Francisco,17049,West,LOCATION_SYSTEM
300334,USA,Texas,Austin,91958,South,LOCATION_SYSTEM
300335,USA,New York,New York,83452,Northeast,LOCATION_SYSTEM
300336,USA,Illinois,Chicago,96706,Midwest,LOCATION_SYSTEM
300337,USA,Texas,Austin,98522,South,LOCATION_SYSTEM
300338,USA,Illinois,Chicago,36443,Midwest,LOCATION_SYSTEM
300339,USA,Ohio,Columbus,44632,Midwest,LOCATION_SYSTEM
300340,USA,Ohio,Columbus,39951,Midwest,LOCATION_SYSTEM
300341,USA,California,San Francisco,14462,West,LOCATION_SYSTEM
300342,USA,Texas,Dallas,89377,South,LOCATION_SYSTEM
300343,USA,New York,New York,78666,Northeast,LOCATION_SYSTEM
300344,USA,California,San Francisco,20666,West,LOCATION_SYSTEM
300345,USA,Washington,Seattle,19294,West,LOCATION_SYSTEM
300346,USA,Texas,Austin,12071,South,LOCATION_SYSTEM
300347,USA,Ohio,Columbus,19700,Midwest,LOCATION_SYSTEM
300348,USA,Georgia,Atlanta,13199,South,LOCATION_SYSTEM
300349,USA,Illinois,Chicago,74708,Midwest,LOCATION_SYSTEM
300350,USA,New York,New York,40162,Northeast,LOCATION_SYSTEM
300351,USA,Illinois,Chicago,81370,Midwest,LOCATION_SYSTEM
300352,USA,California,San Francisco,32924,West,LOCATION_SYSTEM
300353,USA,Texas,Dallas,69608,South,LOCATION_SYSTEM
300354,USA,Washington,Seattle,70844,West,LOCATION_SYSTEM
300355,USA,Illinois,Chicago,25994,Midwest,LOCATION_SYSTEM
300356,USA,Ohio,Columbus,53808,Midwest,LOCATION_SYSTEM
300357,USA,California,San Francisco,79657,West,LOCATION_SYSTEM
300358,USA,Washington,Seattle,86562,West,LOCATION_SYSTEM
300359,USA,New York,New York,35017,Northeast,LOCATION_SYSTEM
300360,USA,Massachusetts,Boston,49771,Northeast,LOCATION_SYSTEM
300361,USA,Ohio,Dayton,10420,Midwest,LOCATION_SYSTEM
300362,USA,Massachusetts,Boston,24568,Northeast,LOCATION_SYSTEM
300363,USA,Ohio,Columbus,18143,Midwest,LOCATION_SYSTEM
300364,USA,California,San Francisco,28506,West,LOCATION_SYSTEM
300365,USA,Ohio,Columbus,32013,Midwest,LOCATION_SYSTEM
300366,USA,Washington,Seattle,12732,West,LOCATION_SYSTEM
300367,USA,New York,New York,65458,Northeast,LOCATION_SYSTEM
300368,USA,Illinois,Chicago,73156,Midwest,LOCATION_SYSTEM
300369,USA,Massachusetts,Boston,59568,Northeast,LOCATION_SYSTEM
300370,USA,Ohio,Columbus,90464,Midwest,LOCATION_SYSTEM
300371,USA,Massachusetts,Boston,60972,Northeast,LOCATION_SYSTEM
300372,USA,Illinois,Chicago,47964,Midwest,LOCATION_SYSTEM
300373,USA,California,San Francisco,36427,West,LOCATION_SYSTEM
300374,USA,Texas,Dallas,77750,South,LOCATION_SYSTEM
300375,USA,Texas,Dallas,69740,South,LOCATION_SYSTEM
300376,USA,Texas,Dallas,36747,South,LOCATION_SYSTEM
300377,USA,Ohio,Columbus,15990,Midwest,LOCATION_SYSTEM
300378,USA,New York,New York,92478,Northeast,LOCATION_SYSTEM
300379,USA,Washington,Seattle,67401,West,LOCATION_SYSTEM
300380,USA,Illinois,Chicago,13293,Midwest,LOCATION_SYSTEM
300381,USA,Texas,Dallas,21302,South,LOCATION_SYSTEM
300382,USA,Ohio,Dayton,71558,Midwest,LOCATION_SYSTEM
300383,USA,New York,New York,70008,Northeast,LOCATION_SYSTEM
300384,USA,Texas,Dallas,94569,South,LOCATION_SYSTEM
300385,USA,California,San Francisco,42312,West,LOCATION_SYSTEM
300386,USA,Texas,Dallas,85746,South,LOCATION_SYSTEM
300387,USA,Illinois,Chicago,44569,Midwest,LOCATION_SYSTEM
300388,USA,Ohio,Columbus,45401,Midwest,LOCATION_SYSTEM
300389,USA,Washington,Seattle,21861,West,LOCATION_SYSTEM
300390,USA,Texas,Austin,73024,South,LOCATION_SYSTEM
300391,USA,California,San Francisco,72896,West,LOCATION_SYSTEM
300392,USA,Georgia,Atlanta,80241,South,LOCATION_SYSTEM
300393,USA,Massachusetts,Boston,11815,Northeast,LOCATION_SYSTEM
300394,USA,Texas,Austin,69975,South,LOCATION_SYSTEM
300395,USA,Texas,Austin,17485,South,LOCATION_SYSTEM
300396,USA,Georgia,Atlanta,89868,South,LOCATION_SYSTEM
300397,USA,Texas,Dallas,53393,South,LOCATION_SYSTEM
300398,USA,Texas,Austin,57748,South,LOCATION_SYSTEM
300399,USA,Ohio,Columbus,30248,Midwest,LOCATION_SYSTEM
300400,USA,Ohio,Dayton,91023,Midwest,LOCATION_SYSTEM
300401,USA,Massachusetts,Boston,69473,Northeast,LOCATION_SYSTEM
300402,USA,California,San Francisco,54646,West,LOCATION_SYSTEM
300403,USA,Washington,Seattle,62456,West,LOCATION_SYSTEM
300404,USA,New York,New York,17380,Northeast,LOCATION_SYSTEM
300405,USA,Ohio,Dayton,47512,Midwest,LOCATION_SYSTEM
300406,USA,New York,New York,56372,Northeast,LOCATION_SYSTEM
300407,USA,Massachusetts,Boston,70235,Northeast,LOCATION_SYSTEM
300408,USA,Ohio,Dayton,22995,Midwest,LOCATION_SYSTEM
300409,USA,Texas,Austin,78002,South,LOCATION_SYSTEM
300410,USA,Ohio,Dayton,83635,Midwest,LOCATION_SYSTEM
300411,USA,New York,New York,14262,Northeast,LOCATION_SYSTEM
300412,USA,Texas,Dallas,45949,South,LOCATION_SYSTEM
300413,USA,Ohio,Columbus,25781,Midwest,LOCATION_SYSTEM
300414,USA,Illinois,Chicago,35710,Midwest,LOCATION_SYSTEM
300415,USA,Massachusetts,Boston,64894,Northeast,LOCATION_SYSTEM
300416,USA,Ohio,Columbus,14612,Midwest,LOCATION_SYSTEM
300417,USA,Ohio,Columbus,11165,Midwest,LOCATION_SYSTEM
300418,USA,Massachusetts,Boston,36221,Northeast,LOCATION_SYSTEM
300419,USA,Ohio,Dayton,23541,Midwest,LOCATION_SYSTEM
300420,USA,California,San Francisco,35416,West,LOCATION_SYSTEM
300421,USA,California,San Francisco,98395,West,LOCATION_SYSTEM
300422,USA,Texas,Austin,68843,South,LOCATION_SYSTEM
300423,USA,Massachusetts,Boston,12871,Northeast,LOCATION_SYSTEM
300424,USA,Ohio,Dayton,52838,Midwest,LOCATION_SYSTEM
300425,USA,Illinois,Chicago,14908,Midwest,LOCATION_SYSTEM
300426,USA,Massachusetts,Boston,79832,Northeast,LOCATION_SYSTEM
300427,USA,Illinois,Chicago,35259,Midwest,LOCATION_SYSTEM
300428,USA,Massachusetts,Boston,96501,Northeast,LOCATION_SYSTEM
300429,USA,Washington,Seattle,21214,West,LOCATION_SYSTEM
300430,USA,Georgia,Atlanta,60407,South,LOCATION_SYSTEM
300431,USA,Texas,Austin,81364,South,LOCATION_SYSTEM
300432,USA,Washington,Seattle,23883,West,LOCATION_SYSTEM
300433,USA,Georgia,Atlanta,44283,South,LOCATION_SYSTEM
300434,USA,Washington,Seattle,67482,West,LOCATION_SYSTEM
300435,USA,Washington,Seattle,60994,West,LOCATION_SYSTEM
300436,USA,Georgia,Atlanta,13798,South,LOCATION_SYSTEM
300437,USA,California,San Francisco,74956,West,LOCATION_SYSTEM
300438,USA,Georgia,Atlanta,31801,South,LOCATION_SYSTEM
300439,USA,Texas,Dallas,32021,South,LOCATION_SYSTEM
300440,USA,Ohio,Columbus,81087,Midwest,LOCATION_SYSTEM
300441,USA,Texas,Dallas,84883,South,LOCATION_SYSTEM
300442,USA,California,San Francisco,73028,West,LOCATION_SYSTEM
300443,USA,Illinois,Chicago,80656,Midwest,LOCATION_SYSTEM
300444,USA,California,San Francisco,35742,West,LOCATION_SYSTEM
300445,USA,Massachusetts,Boston,89439,Northeast,LOCATION_SYSTEM
300446,USA,Texas,Dallas,34855,South,LOCATION_SYSTEM
300447,USA,California,San Francisco,59173,West,LOCATION_SYSTEM
300448,USA,Texas,Austin,45040,South,LOCATION_SYSTEM
300449,USA,Ohio,Columbus,89727,Midwest,LOCATION_SYSTEM
300450,USA,California,San Francisco,20843,West,LOCATION_SYSTEM
300451,USA,New York,New York,82739,Northeast,LOCATION_SYSTEM
300452,USA,Illinois,Chicago,40769,Midwest,LOCATION_SYSTEM
300453,USA,Ohio,Columbus,81290,Midwest,LOCATION_SYSTEM
300454,USA,Georgia,Atlanta,33534,South,LOCATION_SYSTEM
300455,USA,New York,New York,77939,Northeast,LOCATION_SYSTEM
300456,USA,Illinois,Chicago,91100,Midwest,LOCATION_SYSTEM
300457,USA,Massachusetts,Boston,94580,Northeast,LOCATION_SYSTEM
300458,USA,California,San Francisco,64052,West,LOCATION_SYSTEM
300459,USA,Massachusetts,Boston,71454,Northeast,LOCATION_SYSTEM
300460,USA,Georgia,Atlanta,60377,South,LOCATION_SYSTEM
300461,USA,New York,New York,36519,Northeast,LOCATION_SYSTEM
300462,USA,New York,New York,88193,Northeast,LOCATION_SYSTEM
300463,USA,Georgia,Atlanta,57510,South,LOCATION_SYSTEM
300464,USA,Illinois,Chicago,80050,Midwest,LOCATION_SYSTEM
300465,USA,Massachusetts,Boston,14271,Northeast,LOCATION_SYSTEM
300466,USA,Massachusetts,Boston,52252,Northeast,LOCATION_SYSTEM
300467,USA,Georgia,Atlanta,96335,South,LOCATION_SYSTEM
300468,USA,Illinois,Chicago,67208,Midwest,LOCATION_SYSTEM
300469,USA,California,San Francisco,28749,West,LOCATION_SYSTEM
300470,USA,Ohio,Columbus,59923,Midwest,LOCATION_SYSTEM
300471,USA,Texas,Dallas,93882,South,LOCATION_SYSTEM
300472,USA,Washington,Seattle,78905,West,LOCATION_SYSTEM
300473,USA,New York,New York,82415,Northeast,LOCATION_SYSTEM
300474,USA,Illinois,Chicago,45251,Midwest,LOCATION_SYSTEM
300475,USA,Massachusetts,Boston,13120,Northeast,LOCATION_SYSTEM
300476,USA,Ohio,Columbus,16741,Midwest,LOCATION_SYSTEM
300477,USA,California,San Francisco,25246,West,LOCATION_SYSTEM
300478,USA,Ohio,Columbus,76278,Midwest,LOCATION_SYSTEM
300479,USA,Washington,Seattle,28182,West,LOCATION_SYSTEM
300480,USA,Illinois,Chicago,49899,Midwest,LOCATION_SYSTEM
300481,USA,Ohio,Columbus,10629,Midwest,LOCATION_SYSTEM
300482,USA,Texas,Austin,29191,South,LOCATION_SYSTEM
300483,USA,Ohio,Dayton,57935,Midwest,LOCATION_SYSTEM
300484,USA,Massachusetts,Boston,41366,Northeast,LOCATION_SYSTEM
300485,USA,California,San Francisco,85777,West,LOCATION_SYSTEM
300486,USA,California,San Francisco,93347,West,LOCATION_SYSTEM
300487,USA,New York,New York,82460,Northeast,LOCATION_SYSTEM
300488,USA,Massachusetts,Boston,12810,Northeast,LOCATION_SYSTEM
300489,USA,Massachusetts,Boston,39276,Northeast,LOCATION_SYSTEM
300490,USA,California,San Francisco,27572,West,LOCATION_SYSTEM
300491,USA,Illinois,Chicago,32682,Midwest,LOCATION_SYSTEM
300492,USA,New York,New York,42020,Northeast,LOCATION_SYSTEM
300493,USA,Massachusetts,Boston,33621,Northeast,LOCATION_SYSTEM
300494,USA,New York,New York,61963,Northeast,LOCATION_SYSTEM
300495,USA,Ohio,Dayton,67188,Midwest,LOCATION_SYSTEM
300496,USA,New York,New York,14721,Northeast,LOCATION_SYSTEM
300497,USA,Illinois,Chicago,29036,Midwest,LOCATION_SYSTEM
300498,USA,California,San Francisco,10584,West,LOCATION_SYSTEM
300499,USA,Georgia,Atlanta,20553,South,LOCATION_SYSTEM
